{
  "id": "4159149",
  "name": "blog-theme-hao",
  "font_family": "haofont",
  "css_prefix_text": "hao-icon-",
  "description": "",
  "glyphs": [
    {
      "icon_id": "5153143",
      "name": "图书",
      "font_class": "tushu",
      "unicode": "eac6",
      "unicode_decimal": 60102
    },
    {
      "icon_id": "3373061",
      "name": "舞台剧",
      "font_class": "screen",
      "unicode": "e65b",
      "unicode_decimal": 58971
    },
    {
      "icon_id": "11391542",
      "name": "音乐",
      "font_class": "yinle",
      "unicode": "e65c",
      "unicode_decimal": 58972
    },
    {
      "icon_id": "22978048",
      "name": "游戏",
      "font_class": "youxi",
      "unicode": "e8a1",
      "unicode_decimal": 59553
    },
    {
      "icon_id": "7678892",
      "name": "电影",
      "font_class": "dianying",
      "unicode": "e62b",
      "unicode_decimal": 58923
    },
    {
      "icon_id": "18170317",
      "name": "星,星星,星形,半星,实星",
      "font_class": "star-full",
      "unicode": "e9a1",
      "unicode_decimal": 59809
    },
    {
      "icon_id": "18170318",
      "name": "星,星星,星形,半星,实星",
      "font_class": "star",
      "unicode": "e9a2",
      "unicode_decimal": 59810
    },
    {
      "icon_id": "18170319",
      "name": "星,星星,星形,半星",
      "font_class": "star-half",
      "unicode": "e9a3",
      "unicode_decimal": 59811
    },
    {
      "icon_id": "38098454",
      "name": "困困鱼",
      "font_class": "baibanwenjian-daochu",
      "unicode": "e612",
      "unicode_decimal": 58898
    },
    {
      "icon_id": "17511807",
      "name": "moon-clear-fill",
      "font_class": "moon-clear-fill",
      "unicode": "e821",
      "unicode_decimal": 59425
    },
    {
      "icon_id": "22554653",
      "name": "eicon_train-line",
      "font_class": "eicon_train-line",
      "unicode": "e698",
      "unicode_decimal": 59032
    },
    {
      "icon_id": "8555184",
      "name": "disc-fill",
      "font_class": "disc-fill",
      "unicode": "e6fd",
      "unicode_decimal": 59133
    },
    {
      "icon_id": "8555113",
      "name": "signal-tower-fill",
      "font_class": "signal-tower-fill",
      "unicode": "e6f2",
      "unicode_decimal": 59122
    },
    {
      "icon_id": "10914998",
      "name": "search-2-line",
      "font_class": "search--line",
      "unicode": "e697",
      "unicode_decimal": 59031
    },
    {
      "icon_id": "10916939",
      "name": "chat-1-fill",
      "font_class": "chat--fill",
      "unicode": "e6b2",
      "unicode_decimal": 59058
    },
    {
      "icon_id": "17511881",
      "name": "apps-fill",
      "font_class": "apps-fill",
      "unicode": "e82d",
      "unicode_decimal": 59437
    },
    {
      "icon_id": "7458391",
      "name": "Home",
      "font_class": "Home",
      "unicode": "e69a",
      "unicode_decimal": 59034
    },
    {
      "icon_id": "6845137",
      "name": "英文",
      "font_class": "yingwen",
      "unicode": "e6d6",
      "unicode_decimal": 59094
    },
    {
      "icon_id": "6847086",
      "name": "简体",
      "font_class": "jianti",
      "unicode": "e6d7",
      "unicode_decimal": 59095
    },
    {
      "icon_id": "6847093",
      "name": "繁体",
      "font_class": "fanti",
      "unicode": "e6d8",
      "unicode_decimal": 59096
    },
    {
      "icon_id": "37108822",
      "name": "aifadian-line",
      "font_class": "aifadian-line",
      "unicode": "e695",
      "unicode_decimal": 59029
    },
    {
      "icon_id": "25554762",
      "name": "账号",
      "font_class": "zhanghao1",
      "unicode": "e696",
      "unicode_decimal": 59030
    },
    {
      "icon_id": "7551371",
      "name": "作者",
      "font_class": "zuozhe",
      "unicode": "e694",
      "unicode_decimal": 59028
    },
    {
      "icon_id": "5699518",
      "name": "微信",
      "font_class": "weixin1",
      "unicode": "e693",
      "unicode_decimal": 59027
    },
    {
      "icon_id": "11717193",
      "name": "编辑",
      "font_class": "bianji",
      "unicode": "e691",
      "unicode_decimal": 59025
    },
    {
      "icon_id": "4765721",
      "name": "check-circle",
      "font_class": "check-circle",
      "unicode": "e77d",
      "unicode_decimal": 59261
    },
    {
      "icon_id": "141594",
      "name": "dashboard",
      "font_class": "dashboard",
      "unicode": "e6f7",
      "unicode_decimal": 59127
    },
    {
      "icon_id": "27363262",
      "name": "bullseye",
      "font_class": "bullseye",
      "unicode": "eaff",
      "unicode_decimal": 60159
    },
    {
      "icon_id": "15811221",
      "name": "logo-moment",
      "font_class": "logo-moment",
      "unicode": "e690",
      "unicode_decimal": 59024
    },
    {
      "icon_id": "15378535",
      "name": "leetcode",
      "font_class": "leetcode",
      "unicode": "ebf2",
      "unicode_decimal": 60402
    },
    {
      "icon_id": "1261753",
      "name": "gitlab",
      "font_class": "gitlab",
      "unicode": "e692",
      "unicode_decimal": 59026
    },
    {
      "icon_id": "3506983",
      "name": "csdn",
      "font_class": "csdn",
      "unicode": "e68a",
      "unicode_decimal": 59018
    },
    {
      "icon_id": "4936971",
      "name": "dribbble",
      "font_class": "dribbble",
      "unicode": "e87f",
      "unicode_decimal": 59519
    },
    {
      "icon_id": "4936975",
      "name": "yuque",
      "font_class": "yuque",
      "unicode": "e880",
      "unicode_decimal": 59520
    },
    {
      "icon_id": "7239801",
      "name": "linkedin",
      "font_class": "linkedin",
      "unicode": "e73b",
      "unicode_decimal": 59195
    },
    {
      "icon_id": "7239959",
      "name": "youtube",
      "font_class": "youtube",
      "unicode": "e765",
      "unicode_decimal": 59237
    },
    {
      "icon_id": "12856616",
      "name": "Instagram",
      "font_class": "Instagram",
      "unicode": "e68b",
      "unicode_decimal": 59019
    },
    {
      "icon_id": "15378797",
      "name": "slack",
      "font_class": "slack",
      "unicode": "eca1",
      "unicode_decimal": 60577
    },
    {
      "icon_id": "20312928",
      "name": "百度",
      "font_class": "baidu",
      "unicode": "e68c",
      "unicode_decimal": 59020
    },
    {
      "icon_id": "23179715",
      "name": "discord-line",
      "font_class": "discord-line",
      "unicode": "e7af",
      "unicode_decimal": 59311
    },
    {
      "icon_id": "26267545",
      "name": "cnblogs",
      "font_class": "cnblogs",
      "unicode": "e68d",
      "unicode_decimal": 59021
    },
    {
      "icon_id": "26267597",
      "name": "juejin",
      "font_class": "juejin",
      "unicode": "e68e",
      "unicode_decimal": 59022
    },
    {
      "icon_id": "27365294",
      "name": "steam",
      "font_class": "steam",
      "unicode": "ec22",
      "unicode_decimal": 60450
    },
    {
      "icon_id": "27365309",
      "name": "telegram",
      "font_class": "telegram",
      "unicode": "ec25",
      "unicode_decimal": 60453
    },
    {
      "icon_id": "28283466",
      "name": "toutiao",
      "font_class": "toutiao",
      "unicode": "e68f",
      "unicode_decimal": 59023
    },
    {
      "icon_id": "736510",
      "name": "微信",
      "font_class": "weixin",
      "unicode": "e686",
      "unicode_decimal": 59014
    },
    {
      "icon_id": "785018",
      "name": "豆瓣",
      "font_class": "douban",
      "unicode": "e687",
      "unicode_decimal": 59015
    },
    {
      "icon_id": "17447588",
      "name": "知乎",
      "font_class": "29",
      "unicode": "e688",
      "unicode_decimal": 59016
    },
    {
      "icon_id": "28650243",
      "name": "微信公众号",
      "font_class": "weixingongzhonghao",
      "unicode": "e689",
      "unicode_decimal": 59017
    },
    {
      "icon_id": "24915807",
      "name": "猜你喜欢",
      "font_class": "cainixihuan",
      "unicode": "e684",
      "unicode_decimal": 59012
    },
    {
      "icon_id": "29788405",
      "name": "eicon_map-2-line",
      "font_class": "eicon_map-2-line1",
      "unicode": "e685",
      "unicode_decimal": 59013
    },
    {
      "icon_id": "12300445",
      "name": "circle",
      "font_class": "yuan",
      "unicode": "e833",
      "unicode_decimal": 59443
    },
    {
      "icon_id": "36563383",
      "name": "creative-commons-nd-line",
      "font_class": "creative-commons-nd-line",
      "unicode": "e67a",
      "unicode_decimal": 59002
    },
    {
      "icon_id": "36563384",
      "name": "creative-commons-by-line",
      "font_class": "creative-commons-by-line",
      "unicode": "e67b",
      "unicode_decimal": 59003
    },
    {
      "icon_id": "36563385",
      "name": "creative-commons-nc-line",
      "font_class": "creative-commons-nc-line",
      "unicode": "e67c",
      "unicode_decimal": 59004
    },
    {
      "icon_id": "36563386",
      "name": "copyright-line",
      "font_class": "copyright-line",
      "unicode": "e67d",
      "unicode_decimal": 59005
    },
    {
      "icon_id": "36566343",
      "name": "font",
      "font_class": "font",
      "unicode": "e67e",
      "unicode_decimal": 59006
    },
    {
      "icon_id": "36566344",
      "name": "stopwatch",
      "font_class": "stopwatch",
      "unicode": "e67f",
      "unicode_decimal": 59007
    },
    {
      "icon_id": "36566345",
      "name": "file-lines",
      "font_class": "file-lines",
      "unicode": "e680",
      "unicode_decimal": 59008
    },
    {
      "icon_id": "36566354",
      "name": "square-poll-vertical",
      "font_class": "square-poll-vertical",
      "unicode": "e681",
      "unicode_decimal": 59009
    },
    {
      "icon_id": "36566355",
      "name": "universal-access",
      "font_class": "universal-access",
      "unicode": "e682",
      "unicode_decimal": 59010
    },
    {
      "icon_id": "36566356",
      "name": "hourglass-start",
      "font_class": "hourglass-start",
      "unicode": "e683",
      "unicode_decimal": 59011
    },
    {
      "icon_id": "32467217",
      "name": "通讯录07",
      "font_class": "tongxunlu07",
      "unicode": "e679",
      "unicode_decimal": 59001
    },
    {
      "icon_id": "34999293",
      "name": "arrow-right",
      "font_class": "arrow-right",
      "unicode": "e600",
      "unicode_decimal": 58880
    },
    {
      "icon_id": "34999294",
      "name": "arrow-left",
      "font_class": "arrow-left",
      "unicode": "e601",
      "unicode_decimal": 58881
    },
    {
      "icon_id": "34999295",
      "name": "dice",
      "font_class": "dice",
      "unicode": "e602",
      "unicode_decimal": 58882
    },
    {
      "icon_id": "34999296",
      "name": "copy",
      "font_class": "copy",
      "unicode": "e603",
      "unicode_decimal": 58883
    },
    {
      "icon_id": "34999297",
      "name": "cube",
      "font_class": "cube",
      "unicode": "e604",
      "unicode_decimal": 58884
    },
    {
      "icon_id": "34999298",
      "name": "circle-arrow-right",
      "font_class": "circle-arrow-right",
      "unicode": "e605",
      "unicode_decimal": 58885
    },
    {
      "icon_id": "34999299",
      "name": "clock",
      "font_class": "clock",
      "unicode": "e606",
      "unicode_decimal": 58886
    },
    {
      "icon_id": "34999300",
      "name": "book",
      "font_class": "book",
      "unicode": "e607",
      "unicode_decimal": 58887
    },
    {
      "icon_id": "34999301",
      "name": "calendar-alt",
      "font_class": "calendar-alt",
      "unicode": "e608",
      "unicode_decimal": 58888
    },
    {
      "icon_id": "34999302",
      "name": "eye-outline",
      "font_class": "eye-outline",
      "unicode": "e609",
      "unicode_decimal": 58889
    },
    {
      "icon_id": "34999303",
      "name": "circle-half-stroke",
      "font_class": "circle-half-stroke",
      "unicode": "e60a",
      "unicode_decimal": 58890
    },
    {
      "icon_id": "34999304",
      "name": "arrow-up",
      "font_class": "arrow-up",
      "unicode": "e60b",
      "unicode_decimal": 58891
    },
    {
      "icon_id": "34999305",
      "name": "file-word",
      "font_class": "file-word",
      "unicode": "e60c",
      "unicode_decimal": 58892
    },
    {
      "icon_id": "34999306",
      "name": "fire",
      "font_class": "fire",
      "unicode": "e60d",
      "unicode_decimal": 58893
    },
    {
      "icon_id": "34999307",
      "name": "dove",
      "font_class": "dove",
      "unicode": "e60e",
      "unicode_decimal": 58894
    },
    {
      "icon_id": "34999308",
      "name": "gear",
      "font_class": "gear",
      "unicode": "e60f",
      "unicode_decimal": 58895
    },
    {
      "icon_id": "34999309",
      "name": "inbox",
      "font_class": "inbox",
      "unicode": "e610",
      "unicode_decimal": 58896
    },
    {
      "icon_id": "34999310",
      "name": "history",
      "font_class": "history",
      "unicode": "e611",
      "unicode_decimal": 58897
    },
    {
      "icon_id": "34999312",
      "name": "message",
      "font_class": "message",
      "unicode": "e613",
      "unicode_decimal": 58899
    },
    {
      "icon_id": "34999313",
      "name": "moon",
      "font_class": "moon",
      "unicode": "e614",
      "unicode_decimal": 58900
    },
    {
      "icon_id": "34999314",
      "name": "shapes",
      "font_class": "shapes",
      "unicode": "e615",
      "unicode_decimal": 58901
    },
    {
      "icon_id": "34999315",
      "name": "shuffle",
      "font_class": "shuffle",
      "unicode": "e616",
      "unicode_decimal": 58902
    },
    {
      "icon_id": "34999316",
      "name": "language",
      "font_class": "language",
      "unicode": "e617",
      "unicode_decimal": 58903
    },
    {
      "icon_id": "34999317",
      "name": "tags",
      "font_class": "tags",
      "unicode": "e618",
      "unicode_decimal": 58904
    },
    {
      "icon_id": "34999318",
      "name": "train",
      "font_class": "train",
      "unicode": "e619",
      "unicode_decimal": 58905
    },
    {
      "icon_id": "34999319",
      "name": "warning",
      "font_class": "warning",
      "unicode": "e61a",
      "unicode_decimal": 58906
    },
    {
      "icon_id": "34999440",
      "name": "circle-arrow-up-right-1",
      "font_class": "circle-arrow-up-right-1",
      "unicode": "e61b",
      "unicode_decimal": 58907
    },
    {
      "icon_id": "35000181",
      "name": "fish",
      "font_class": "fish",
      "unicode": "e61c",
      "unicode_decimal": 58908
    },
    {
      "icon_id": "35005759",
      "name": "envelope",
      "font_class": "envelope",
      "unicode": "e61d",
      "unicode_decimal": 58909
    },
    {
      "icon_id": "35005760",
      "name": "music",
      "font_class": "music",
      "unicode": "e61e",
      "unicode_decimal": 58910
    },
    {
      "icon_id": "35005761",
      "name": "fan",
      "font_class": "fan",
      "unicode": "e61f",
      "unicode_decimal": 58911
    },
    {
      "icon_id": "35005762",
      "name": "heartbeat-bold",
      "font_class": "heartbeat-bold",
      "unicode": "e620",
      "unicode_decimal": 58912
    },
    {
      "icon_id": "35005763",
      "name": "link",
      "font_class": "link",
      "unicode": "e621",
      "unicode_decimal": 58913
    },
    {
      "icon_id": "35005764",
      "name": "chevron-left",
      "font_class": "chevron-left",
      "unicode": "e622",
      "unicode_decimal": 58914
    },
    {
      "icon_id": "35005765",
      "name": "rocket",
      "font_class": "rocket",
      "unicode": "e623",
      "unicode_decimal": 58915
    },
    {
      "icon_id": "35005766",
      "name": "lightbulb",
      "font_class": "lightbulb",
      "unicode": "e624",
      "unicode_decimal": 58916
    },
    {
      "icon_id": "35005767",
      "name": "shoe-prints",
      "font_class": "shoe-prints",
      "unicode": "e625",
      "unicode_decimal": 58917
    },
    {
      "icon_id": "35005768",
      "name": "images",
      "font_class": "images",
      "unicode": "e626",
      "unicode_decimal": 58918
    },
    {
      "icon_id": "35005769",
      "name": "box-archive",
      "font_class": "box-archive",
      "unicode": "e627",
      "unicode_decimal": 58919
    },
    {
      "icon_id": "35005770",
      "name": "artstation",
      "font_class": "artstation",
      "unicode": "e628",
      "unicode_decimal": 58920
    },
    {
      "icon_id": "35006038",
      "name": "paper-plane",
      "font_class": "paper-plane",
      "unicode": "e629",
      "unicode_decimal": 58921
    },
    {
      "icon_id": "35006420",
      "name": "house-chimney",
      "font_class": "house-chimney",
      "unicode": "e62a",
      "unicode_decimal": 58922
    },
    {
      "icon_id": "35006529",
      "name": "bars",
      "font_class": "bars",
      "unicode": "e62c",
      "unicode_decimal": 58924
    },
    {
      "icon_id": "35006720",
      "name": "arrows-left-right",
      "font_class": "arrows-left-right",
      "unicode": "e62d",
      "unicode_decimal": 58925
    },
    {
      "icon_id": "35006745",
      "name": "book-open",
      "font_class": "book-open",
      "unicode": "e62e",
      "unicode_decimal": 58926
    },
    {
      "icon_id": "35006771",
      "name": "list-ul",
      "font_class": "list-ul",
      "unicode": "e62f",
      "unicode_decimal": 58927
    },
    {
      "icon_id": "35006786",
      "name": "comment-sms",
      "font_class": "comment-sms",
      "unicode": "e631",
      "unicode_decimal": 58929
    },
    {
      "icon_id": "35006799",
      "name": "angles-right",
      "font_class": "angles-right",
      "unicode": "e632",
      "unicode_decimal": 58930
    },
    {
      "icon_id": "35006808",
      "name": "tag",
      "font_class": "tag",
      "unicode": "e633",
      "unicode_decimal": 58931
    },
    {
      "icon_id": "35007390",
      "name": "chevron-right",
      "font_class": "chevron-right",
      "unicode": "e634",
      "unicode_decimal": 58932
    },
    {
      "icon_id": "35007411",
      "name": "radio",
      "font_class": "radio",
      "unicode": "e635",
      "unicode_decimal": 58933
    },
    {
      "icon_id": "35007429",
      "name": "forward",
      "font_class": "forward",
      "unicode": "e636",
      "unicode_decimal": 58934
    },
    {
      "icon_id": "35007439",
      "name": "window-restore",
      "font_class": "window-restore",
      "unicode": "e637",
      "unicode_decimal": 58935
    },
    {
      "icon_id": "35007440",
      "name": "backward",
      "font_class": "backward",
      "unicode": "e638",
      "unicode_decimal": 58936
    },
    {
      "icon_id": "35007441",
      "name": "download",
      "font_class": "download",
      "unicode": "e639",
      "unicode_decimal": 58937
    },
    {
      "icon_id": "35007442",
      "name": "comment-medical",
      "font_class": "comment-medical",
      "unicode": "e63a",
      "unicode_decimal": 58938
    },
    {
      "icon_id": "35007443",
      "name": "paste",
      "font_class": "paste",
      "unicode": "e63b",
      "unicode_decimal": 58939
    },
    {
      "icon_id": "35007453",
      "name": "arrow-rotate-right",
      "font_class": "arrow-rotate-right",
      "unicode": "e63c",
      "unicode_decimal": 58940
    },
    {
      "icon_id": "35007688",
      "name": "play",
      "font_class": "play",
      "unicode": "e63d",
      "unicode_decimal": 58941
    },
    {
      "icon_id": "35007727",
      "name": "circle-xmark",
      "font_class": "circle-xmark",
      "unicode": "e63e",
      "unicode_decimal": 58942
    },
    {
      "icon_id": "35007730",
      "name": "angle-down",
      "font_class": "angle-down",
      "unicode": "e63f",
      "unicode_decimal": 58943
    },
    {
      "icon_id": "35007961",
      "name": "chart-line",
      "font_class": "chart-line",
      "unicode": "e640",
      "unicode_decimal": 58944
    },
    {
      "icon_id": "35007979",
      "name": "pencil",
      "font_class": "pencil",
      "unicode": "e641",
      "unicode_decimal": 58945
    },
    {
      "icon_id": "35007981",
      "name": "thumbtack",
      "font_class": "thumbtack",
      "unicode": "e642",
      "unicode_decimal": 58946
    },
    {
      "icon_id": "35008008",
      "name": "location-dot",
      "font_class": "location-dot",
      "unicode": "e643",
      "unicode_decimal": 58947
    },
    {
      "icon_id": "35008010",
      "name": "fw-fire",
      "font_class": "fw-fire",
      "unicode": "e644",
      "unicode_decimal": 58948
    },
    {
      "icon_id": "35011718",
      "name": "calendar-days",
      "font_class": "calendar-days",
      "unicode": "e645",
      "unicode_decimal": 58949
    },
    {
      "icon_id": "35011769",
      "name": "angle-right",
      "font_class": "angle-right",
      "unicode": "e646",
      "unicode_decimal": 58950
    },
    {
      "icon_id": "35011951",
      "name": "dice-d20",
      "font_class": "dice-d20",
      "unicode": "e647",
      "unicode_decimal": 58951
    },
    {
      "icon_id": "35012020",
      "name": "instagram",
      "font_class": "instagram",
      "unicode": "e648",
      "unicode_decimal": 58952
    },
    {
      "icon_id": "35012394",
      "name": "xmark",
      "font_class": "xmark",
      "unicode": "e649",
      "unicode_decimal": 58953
    },
    {
      "icon_id": "35012584",
      "name": "spinner",
      "font_class": "spinner",
      "unicode": "e64a",
      "unicode_decimal": 58954
    },
    {
      "icon_id": "35013409",
      "name": "bullhorn",
      "font_class": "bullhorn",
      "unicode": "e64b",
      "unicode_decimal": 58955
    },
    {
      "icon_id": "35013645",
      "name": "stream",
      "font_class": "stream",
      "unicode": "e64c",
      "unicode_decimal": 58956
    },
    {
      "icon_id": "35013722",
      "name": "caret-left",
      "font_class": "caret-left",
      "unicode": "e64d",
      "unicode_decimal": 58957
    },
    {
      "icon_id": "35013735",
      "name": "folder-open",
      "font_class": "folder-open",
      "unicode": "e64e",
      "unicode_decimal": 58958
    },
    {
      "icon_id": "35013743",
      "name": "thumbs-up",
      "font_class": "thumbs-up",
      "unicode": "e64f",
      "unicode_decimal": 58959
    },
    {
      "icon_id": "35013890",
      "name": "angle-double-down",
      "font_class": "angle-double-down",
      "unicode": "e650",
      "unicode_decimal": 58960
    },
    {
      "icon_id": "35014014",
      "name": "sign-out-alt",
      "font_class": "sign-out-alt",
      "unicode": "e651",
      "unicode_decimal": 58961
    },
    {
      "icon_id": "35014035",
      "name": "angle-double-left",
      "font_class": "angle-double-left",
      "unicode": "e652",
      "unicode_decimal": 58962
    },
    {
      "icon_id": "35014057",
      "name": "angle-double-right",
      "font_class": "angle-double-right",
      "unicode": "e653",
      "unicode_decimal": 58963
    },
    {
      "icon_id": "35014071",
      "name": "angle-left",
      "font_class": "angle-left",
      "unicode": "e654",
      "unicode_decimal": 58964
    },
    {
      "icon_id": "35014207",
      "name": "fw-eye",
      "font_class": "fw-eye",
      "unicode": "e655",
      "unicode_decimal": 58965
    },
    {
      "icon_id": "35014454",
      "name": "repeat",
      "font_class": "repeat",
      "unicode": "e656",
      "unicode_decimal": 58966
    },
    {
      "icon_id": "35014456",
      "name": "shuffle",
      "font_class": "shuffle1",
      "unicode": "e657",
      "unicode_decimal": 58967
    },
    {
      "icon_id": "35014457",
      "name": "arrows-rotate",
      "font_class": "arrows-rotate",
      "unicode": "e658",
      "unicode_decimal": 58968
    },
    {
      "icon_id": "35014462",
      "name": "pause",
      "font_class": "pause",
      "unicode": "e659",
      "unicode_decimal": 58969
    },
    {
      "icon_id": "35014584",
      "name": "heartbeat",
      "font_class": "heartbeat",
      "unicode": "e65a",
      "unicode_decimal": 58970
    },
    {
      "icon_id": "35015857",
      "name": "heartbeat",
      "font_class": "heartbeat1",
      "unicode": "e65d",
      "unicode_decimal": 58973
    },
    {
      "icon_id": "35017946",
      "name": "rss",
      "font_class": "rss",
      "unicode": "e65e",
      "unicode_decimal": 58974
    },
    {
      "icon_id": "35017947",
      "name": "qq",
      "font_class": "qq",
      "unicode": "e65f",
      "unicode_decimal": 58975
    },
    {
      "icon_id": "35017948",
      "name": "github",
      "font_class": "github",
      "unicode": "e660",
      "unicode_decimal": 58976
    },
    {
      "icon_id": "35017949",
      "name": "bilibili",
      "font_class": "bilibili",
      "unicode": "e661",
      "unicode_decimal": 58977
    },
    {
      "icon_id": "35018014",
      "name": "paper-plane",
      "font_class": "paper-plane1",
      "unicode": "e662",
      "unicode_decimal": 58978
    },
    {
      "icon_id": "35037164",
      "name": "hashtag",
      "font_class": "hashtag",
      "unicode": "e663",
      "unicode_decimal": 58979
    },
    {
      "icon_id": "35045021",
      "name": "hand-heart-fill",
      "font_class": "hand-heart-fill",
      "unicode": "e664",
      "unicode_decimal": 58980
    },
    {
      "icon_id": "35045029",
      "name": "plant-fill",
      "font_class": "plant-fill",
      "unicode": "e665",
      "unicode_decimal": 58981
    },
    {
      "icon_id": "35045310",
      "name": "qrcode",
      "font_class": "qrcode",
      "unicode": "e666",
      "unicode_decimal": 58982
    },
    {
      "icon_id": "35045337",
      "name": "weibo",
      "font_class": "weibo",
      "unicode": "e667",
      "unicode_decimal": 58983
    },
    {
      "icon_id": "35048154",
      "name": "copyright",
      "font_class": "copyright",
      "unicode": "e668",
      "unicode_decimal": 58984
    },
    {
      "icon_id": "35062060",
      "name": "bolt",
      "font_class": "bolt",
      "unicode": "e669",
      "unicode_decimal": 58985
    },
    {
      "icon_id": "35062061",
      "name": "circle-info",
      "font_class": "circle-info",
      "unicode": "e66a",
      "unicode_decimal": 58986
    },
    {
      "icon_id": "35062062",
      "name": "triangle-exclamation",
      "font_class": "triangle-exclamation",
      "unicode": "e66b",
      "unicode_decimal": 58987
    },
    {
      "icon_id": "35062174",
      "name": "circle-check",
      "font_class": "circle-check",
      "unicode": "e66c",
      "unicode_decimal": 58988
    },
    {
      "icon_id": "35062175",
      "name": "circle-minus",
      "font_class": "circle-minus",
      "unicode": "e66d",
      "unicode_decimal": 58989
    },
    {
      "icon_id": "35062176",
      "name": "circle-plus",
      "font_class": "circle-plus",
      "unicode": "e66e",
      "unicode_decimal": 58990
    },
    {
      "icon_id": "35062177",
      "name": "circle-dot",
      "font_class": "circle-dot",
      "unicode": "e66f",
      "unicode_decimal": 58991
    },
    {
      "icon_id": "35079571",
      "name": "scissors",
      "font_class": "scissors",
      "unicode": "e670",
      "unicode_decimal": 58992
    },
    {
      "icon_id": "35091245",
      "name": "arrow-down",
      "font_class": "arrow-down",
      "unicode": "e671",
      "unicode_decimal": 58993
    },
    {
      "icon_id": "35219684",
      "name": "灯泡",
      "font_class": "dengpao",
      "unicode": "e672",
      "unicode_decimal": 58994
    },
    {
      "icon_id": "35219685",
      "name": "弹幕",
      "font_class": "danmu",
      "unicode": "e673",
      "unicode_decimal": 58995
    },
    {
      "icon_id": "35219686",
      "name": "总览",
      "font_class": "zonglan",
      "unicode": "e674",
      "unicode_decimal": 58996
    },
    {
      "icon_id": "35219687",
      "name": "灵感",
      "font_class": "linggan",
      "unicode": "e675",
      "unicode_decimal": 58997
    },
    {
      "icon_id": "35219688",
      "name": "三明治",
      "font_class": "sanmingzhi",
      "unicode": "e676",
      "unicode_decimal": 58998
    },
    {
      "icon_id": "35384532",
      "name": "keyboard",
      "font_class": "keyboard",
      "unicode": "e677",
      "unicode_decimal": 58999
    },
    {
      "icon_id": "35406224",
      "name": "tiktok",
      "font_class": "tiktok",
      "unicode": "e678",
      "unicode_decimal": 59000
    }
  ]
}
